{
    "angular_acceleration": {
        "x_val": -7.092659250716726e-13,
        "y_val": -5.362694880176044e-13,
        "z_val": 1.4515277868554222e-11
    },
    "angular_velocity": {
        "x_val": -1.0829297934833448e-05,
        "y_val": 1.4504728824249469e-05,
        "z_val": 5.268502079047721e-08
    },
    "linear_acceleration": {
        "x_val": -0.00010015815496444702,
        "y_val": -1.2394040822982788e-05,
        "z_val": -3.814697265625e-06
    },
    "linear_velocity": {
        "x_val": -4.890447616577148,
        "y_val": -0.019266732037067413,
        "z_val": 0.0016140412772074342
    },
    "orientation": {
        "w_val": 0.2553440034389496,
        "x_val": 0.006330878473818302,
        "y_val": 0.000534121529199183,
        "z_val": 0.9668294191360474
    },
    "position": {
        "x_val": -33.11146545410156,
        "y_val": -0.07000647485256195,
        "z_val": 1.4430255889892578
    }
}